url,date,tokenized_text
https://www.mindbodygreen.com/articles/solawave-mask-fall-sale,2025-06-13,"['hard', 'believe', 'device', 'improve', 'appearance', 'wrinkle', 'support', 'collagen', 'production', 'reduce', 'acne', 'severity', 'fight', 'inflammation', 'beauty', 'led', 'light', 'therapy', 'mask', 'home', 'tool', 'deliver', 'serious', 'result', 'minute', 'per', 'trust', 'tested', 'fair', 'share', 'right', 'personal', 'favorite', 'mask', 'solawave', 'wrinkle', 'retreat', 'light', 'therapy', 'mask', 'sale', 'solawave', 'wrinkle', 'retreat', 'light', 'therapy', 'face', 'mask', 'favorite', 'solawave', 'product', 'solawave', 'girlie', 'nearly', 'year', 'brand', 'signature', 'red', 'light', 'wand', 'holy', 'grail', 'beauty', 'product', 'glowing', 'complexion', 'wand', 'drawback', 'small', 'light', 'cover', 'skin', 'utilizes', 'red', 'light', 'therapy', 'original', 'solawave', 'mask', 'addressed', 'surface', 'concern', 'red', 'blue', 'light', 'emitted', 'led', 'bulb', 'mask', 'missing', 'unsung', 'hero', 'infrared', 'light', 'improved', 'mask', 'combine', 'red', 'nm', 'near', 'infrared', 'light', 'nm', 'shown', 'increase', 'expression', 'collagen', 'elastin', 'hyaluronic', 'acid', 'skin', 'promote', 'plump', 'youthful', 'complexion', 'easy', 'mask', 'essentially', 'hand', 'free', 'attached', 'handheld', 'remote', 'secure', 'mask', 'face', 'click', 'power', 'button', 'set', 'go', 'routine', 'minute', 'treatment', 'complete', 'mask', 'automatically', 'turn', 'comfortable', 'silicone', 'material', 'soft', 'flexible', 'velcro', 'strap', 'contour', 'head', 'perfect', 'fit', 'portable', 'lightweight', 'best', 'sticking', 'skin', 'care', 'routine', 'especially', 'travel', 'device', 'portable', 'coming', 'vacation', 'forget', 'start', 'thankfully', 'solawave', 'mask', 'lightweight', 'easy', 'toss', 'luggage', 'tote', 'bag', 'come', 'soft', 'carrying', 'case', 'fda', 'cleared', 'interviewed', 'dermatologist', 'perspective', 'led', 'light', 'device', 'question', 'fda', 'cleared', 'solawave', 'wrinkle', 'retreat', 'light', 'therapy', 'face', 'mask', 'medical', 'grade', 'fda', 'cleared', 'providing', 'confidence', 'efficacy', 'safety', 'technology', 'work', 'skeptic', 'come', 'skin', 'care', 'brand', 'big', 'claim', 'led', 'light', 'therapy', 'work', 'study', 'participant', 'red', 'light', 'therapy', 'face', 'twice', 'total', 'session', 'experienced', 'improved', 'skin', 'complexion', 'skin', 'tone', 'skin', 'smoothness', 'collagen', 'density', 'testing', 'red', 'light', 'face', 'mask', 'notice', 'skin', 'immediately', 'appears', 'brighter', 'glowier', 'long', 'term', 'perk', 'keep', 'coming', 'back', 'continued', 'consistent', 'experienced', 'aforementioned', 'benefit', 'fine', 'line', 'smoothed', 'significantly', 'solawave', 'wrinkle', 'retreat', 'light', 'therapy', 'face', 'mask', 'ever', 'introducing', 'red', 'infrared', 'light', 'therapy', 'routine', 'skin', 'feel', 'look', 'aging', 'backward', 'science', 'backed', 'benefit', 'enough', 'thousand', 'skin', 'care', 'fanatic', 'flock', 'solawave', 'product', 'launch', 'wrinkle', 'retreat', 'light', 'therapy', 'face', 'mask', 'almost', 'stock', 'miss', 'chance', 'statement', 'evaluated', 'food', 'drug', 'administration', 'product', 'intended', 'diagnose', 'treat', 'cure', 'prevent', 'disease']"
https://www.mindbodygreen.com/articles/read-this-if-you-dont-want-kids,2020-04-29,"['ok', 'want', 'kid', 'ok', 'want', 'parent', 'nothing', 'wrong', 'case', 'ok', 'yet', 'whether', 'want', 'kid', 'sure', 'feeling', 'pressured', 'obsessing', 'else', 'want', 'going', 'decision', 'truth', 'happy', 'matter', 'choose', 'person', 'journey', 'personal', 'three', 'reason', 'ok', 'want', 'kid', 'year', 'thought', 'deciding', 'kid', 'would', 'mean', 'bunch', 'awful', 'told', 'want', 'kid', 'less', 'woman', 'missing', 'fit', 'would', 'mean', 'wrong', 'story', 'telling', 'completely', 'optional', 'story', 'subjective', 'case', 'point', 'coached', 'woman', 'believed', 'story', 'similar', 'one', 'tell', 'yet', 'plenty', 'woman', 'told', 'different', 'story', 'motherhood', 'decision', 'illustrated', 'meghan', 'daum', 'anthology', 'selfish', 'shallow', 'self', 'absorbed', 'sixteen', 'writer', 'decision', 'kid', 'end', 'evidence', 'support', 'story', 'tell', 'look', 'evidence', 'support', 'beautiful', 'story', 'life', 'story', 'become', 'best', 'version', 'research', 'professor', 'dr', 'bren', 'brown', 'dangerous', 'story', 'narrative', 'diminish', 'inherent', 'worthiness', 'let', 'decide', 'kid', 'mean', 'feel', 'crap', 'regardless', 'choose', 'decides', 'story', 'tell', 'choosing', 'kid', 'mean', 'anything', 'horrible', 'fact', 'mean', 'anything', 'last', 'tried', 'happy', 'funny', 'bunch', 'human', 'thinking', 'control', 'people', 'feeling', 'common', 'want', 'people', 'happy', 'reality', 'feel', 'certain', 'sure', 'want', 'easier', 'feel', 'happy', 'happiness', 'feel', 'thought', 'story', 'firsthand', 'else', 'happy', 'chance', 'work', 'moment', 'revert', 'back', 'old', 'problem', 'bothered', 'person', 'desperately', 'want', 'baby', 'ok', 'decide', 'become', 'mother', 'kid', 'could', 'feel', 'bad', 'kid', 'could', 'feel', 'emotion', 'feel', 'created', 'thought', 'responsibility', 'recommend', 'best', 'feel', 'communicate', 'decision', 'letting', 'go', 'rest', 'let', 'decide', 'kid', 'yet', 'hang', 'story', 'wanting', 'kid', 'mean', 'wrong', 'going', 'feel', 'pretty', 'crappy', 'decision', 'right', 'news', 'survive', 'shame', 'survive', 'sadness', 'survive', 'regret', 'fear', 'emotion', 'learn', 'process', 'emotion', 'efficient', 'promotes', 'healing', 'limit', 'pain', 'continue', 'cause', 'best', 'process', 'emotion', 'sit', 'indecision', 'everything', 'ok', 'ready', 'land', 'foot', 'confidence', 'love', 'serious', 'self', 'compassion', 'regardless', 'choose', 'experiencing', 'frustrating', 'indecision', 'right', 'experience', 'important', 'realizing', 'power', 'creating', 'life', 'want', 'love', 'deeply', 'statement', 'evaluated', 'food', 'drug', 'administration', 'product', 'intended', 'diagnose', 'treat', 'cure', 'prevent', 'disease']"
https://www.mindbodygreen.com/articles/keep-clean-in-feng-shui-most-important-parts-of-home,2025-08-17,"['want', 'clean', 'short', 'feng', 'shui', 'zone', 'biggest', 'impact', 'overall', 'energy', 'feel', 'space', 'clean', 'declutter', 'moving', 'rest', 'home', 'home', 'attracts', 'energy', 'chi', 'front', 'door', 'important', 'spot', 'right', 'feng', 'shui', 'clean', 'vibrant', 'welcoming', 'front', 'door', 'quality', 'chi', 'resident', 'decided', 'paint', 'mine', 'bright', 'orange', 'color', 'order', 'attract', 'vibrant', 'energy', 'bonus', 'color', 'look', 'dirty', 'aged', 'decorate', 'door', 'according', 'element', 'corresponds', 'gua', 'introduction', 'bagua', 'map', 'resource', 'gua', 'front', 'door', 'located', 'lighting', 'bright', 'enough', 'porch', 'front', 'door', 'stand', 'sure', 'house', 'number', 'visible', 'street', 'live', 'apartment', 'visible', 'hallway', 'treat', 'chi', 'guest', 'searching', 'home', 'decluttered', 'front', 'entrance', 'important', 'feng', 'shui', 'call', 'entryway', 'front', 'door', 'mouth', 'chi', 'similar', 'breath', 'nostril', 'airway', 'receive', 'life', 'force', 'energy', 'mouth', 'chi', 'essential', 'keep', 'clean', 'old', 'chinese', 'tradition', 'sweep', 'entryway', 'daily', 'broom', 'day', 'favorite', 'vacuum', 'work', 'front', 'door', 'open', 'straight', 'living', 'designated', 'entryway', 'recommend', 'creating', 'space', 'retains', 'energy', 'door', 'prevents', 'entering', 'home', 'fast', 'low', 'bookshelf', 'rug', 'round', 'console', 'table', 'flower', 'establish', 'entryway', 'give', 'taste', 'rest', 'house', 'sure', 'flow', 'give', 'guest', 'sense', 'expected', 'go', 'feng', 'shui', 'kitchen', 'compared', 'heart', 'home', 'home', 'warmth', 'come', 'kitchen', 'feel', 'cold', 'cutting', 'energy', 'cozy', 'inviting', 'within', 'kitchen', 'stove', 'appliance', 'requires', 'daily', 'attention', 'symbol', 'prosperity', 'need', 'spotless', 'stove', 'daily', 'recommended', 'feng', 'shui', 'cooking', 'sharing', 'meal', 'family', 'friend', 'attracts', 'abundance', 'important', 'clean', 'quick', 'wipe', 'home', 'mirror', 'window', 'represent', 'clarity', 'prosperity', 'kept', 'clean', 'clear', 'wipe', 'couple', 'day', 'least', 'kid', 'pet', 'live', 'dusty', 'rainy', 'pain', 'satisfaction', 'come', 'cleaning', 'window', 'mirror', 'sublime', 'experience', 'provides', 'brain', 'quick', 'burst', 'dopamine', 'basically', 'healthier', 'version', 'getting', 'like', 'instagram', 'finally', 'condition', 'center', 'home', 'affect', 'whether', 'chi', 'get', 'harmoniously', 'distributed', 'rest', 'space', 'vacuum', 'tidy', 'daily', 'clutter', 'allowed', 'center', 'get', 'chi', 'keep', 'providing', 'harmonious', 'energy', 'different', 'guas', 'statement', 'evaluated', 'food', 'drug', 'administration', 'product', 'intended', 'diagnose', 'treat', 'cure', 'prevent', 'disease']"
https://www.mindbodygreen.com/articles/scientists-deem-ultra-processed-food-as-addictive,2024-03-07,"['ultra', 'processed', 'food', 'addictive', 'certain', 'drug', 'call', 'danger', 'pose', 'public', 'health', 'strong', 'stance', 'scientist', 'physician', 'depth', 'analysis', 'published', 'british', 'medical', 'journal', 'bmj', 'light', 'report', 'curious', 'dig', 'exactly', 'make', 'hard', 'stop', 'eating', 'processed', 'food', 'inundate', 'inner', 'aisle', 'grocery', 'store', 'worldwide', 'recruited', 'internal', 'medicine', 'physician', 'nutritionist', 'unpack', 'analysis', 'significance', 'could', 'mean', 'future', 'food', 'plenty', 'food', 'processed', 'consumption', 'frozen', 'roasted', 'spiced', 'exactly', 'ultra', 'processed', 'food', 'mean', 'ultra', 'processed', 'food', 'upfs', 'loaded', 'ingredient', 'sugar', 'salt', 'fat', 'substance', 'derived', 'extracted', 'real', 'food', 'think', 'lab', 'additive', 'artificial', 'color', 'flavor', 'preservative', 'shapiro', 'explains', 'vinjamoori', 'add', 'ultra', 'processed', 'food', 'lack', 'essential', 'nutrient', 'need', 'maintain', 'optimal', 'health', 'protein', 'fiber', 'etc', 'consuming', 'upfs', 'whole', 'minimally', 'processed', 'food', 'pose', 'overall', 'health', 'risk', 'ultra', 'processed', 'food', 'nutrient', 'poor', 'meaning', 'lack', 'essential', 'vitamin', 'mineral', 'beneficial', 'compound', 'consistently', 'consuming', 'food', 'lead', 'nutritional', 'deficiency', 'inflammation', 'shorten', 'life', 'span', 'lead', 'obesity', 'variety', 'disease', 'vinjamoori', 'state', 'level', 'processing', 'boost', 'sale', 'product', 'preserve', 'shelf', 'life', 'bring', 'cost', 'production', 'according', 'bmj', 'analysis', 'addiction', 'food', 'become', 'prevalent', 'addiction', 'legal', 'substance', 'alcohol', 'tobacco', 'recent', 'analysis', 'systematic', 'review', 'including', 'study', 'different', 'country', 'overall', 'pooled', 'prevalence', 'food', 'addiction', 'yale', 'food', 'addiction', 'scale', 'adult', 'child', 'author', 'state', 'prevalence', 'quite', 'similar', 'level', 'addiction', 'legal', 'substance', 'adult', 'noting', 'alcohol', 'tobacco', 'level', 'implied', 'addiction', 'child', 'unprecedented', 'full', 'analysis', 'author', 'dive', 'deep', 'health', 'longevity', 'implication', 'addiction', 'including', 'higher', 'rate', 'chronic', 'disease', 'mental', 'health', 'cognition', 'concern', 'worse', 'treatment', 'outcome', 'ultra', 'processed', 'food', 'addictive', 'taste', 'structure', 'actually', 'impact', 'brain', 'reward', 'center', 'high', 'carbohydrate', 'fat', 'content', 'upfs', 'direct', 'impact', 'brain', 'dopamine', 'pathway', 'play', 'role', 'reward', 'motivation', 'bmj', 'analysis', 'noted', 'spike', 'dopamine', 'high', 'comparable', 'rise', 'addictive', 'substance', 'nicotine', 'alcohol', 'mere', 'analogy', 'acknowledgment', 'real', 'tangible', 'impact', 'food', 'neurobiology', 'addition', 'upfs', 'deliver', 'carbs', 'fat', 'brain', 'quickly', 'contributing', 'addictive', 'potential', 'faster', 'substance', 'reach', 'brain', 'addictive', 'rationale', 'behind', 'substitution', 'therapy', 'cigarette', 'rapidly', 'delivers', 'nicotine', 'brain', 'addictive', 'slow', 'release', 'nicotine', 'transdermal', 'patch', 'analysis', 'author', 'explain', 'mere', 'analogy', 'acknowledgment', 'real', 'tangible', 'impact', 'food', 'neurobiology', 'vinjamoori', 'note', 'enough', 'compelling', 'evidence', 'health', 'risk', 'ultra', 'processed', 'food', 'warrant', 'major', 'change', 'reduce', 'risk', 'addiction', 'ultra', 'processed', 'food', 'analysis', 'includes', 'four', 'tangible', 'recommendation', 'popular', 'saying', 'go', 'action', 'speak', 'louder', 'word', 'analysis', 'considered', 'success', 'inspires', 'action', 'positive', 'change', 'could', 'come', 'recommendation', 'put', 'motion', 'food', 'addiction', 'becomes', 'official', 'diagnosis', 'would', 'opportunity', 'research', 'around', 'topic', 'shapiro', 'adding', 'could', 'improve', 'insurance', 'coverage', 'access', 'professional', 'support', 'looking', 'flip', 'side', 'stigma', 'attached', 'addicted', 'substance', 'food', 'discus', 'addiction', 'society', 'would', 'change', 'continue', 'uncover', 'mechanism', 'linking', 'ultra', 'processed', 'food', 'potential', 'addictive', 'behavior', 'clear', 'societal', 'responsibility', 'hand', 'vinjamoori', 'add', 'need', 'transparently', 'communicate', 'finding', 'general', 'public', 'must', 'advocate', 'protective', 'policy', 'moreover', 'imperative', 'develop', 'clinical', 'resource', 'tool', 'specifically', 'designed', 'address', 'food', 'addiction', 'finally', 'significant', 'hurdle', 'cross', 'less', 'processed', 'diet', 'go', 'mainstream', 'economic', 'geographical', 'inequity', 'food', 'system', 'framing', 'upfs', 'addictive', 'may', 'step', 'right', 'direction', 'encourage', 'systemic', 'change', 'food', 'industry', 'apply', 'pressure', 'health', 'care', 'health', 'insurance', 'nutrition', 'seriously', 'natural', 'minimally', 'processed', 'food', 'become', 'affordable', 'accessible', 'ultra', 'processed', 'food', 'layer', 'inequality', 'rooted', 'food', 'access', 'nutrition', 'choice', 'nutrition', 'scientist', 'published', 'data', 'analysis', 'british', 'medical', 'journal', 'suggestion', 'call', 'addictive', 'nature', 'ultra', 'processed', 'food', 'upfs', 'advocate', 'change', 'food', 'industry', 'encouraging', 'government', 'regulation', 'public', 'education', 'data', 'upfs', 'affect', 'brain', 'dopamine', 'receptor', 'similar', 'similar', 'degree', 'addictive', 'substance', 'nicotine', 'alcohol', 'due', 'carbohydrate', 'fat', 'ratio', 'food', 'lack', 'nutrient', 'human', 'need', 'function', 'properly', 'reason', 'expert', 'concerned', 'mass', 'consumption', 'upfs', 'america', 'path', 'limiting', 'negative', 'public', 'health', 'impact', 'upfs', 'long', 'complex', 'multifaceted', 'hopefully', 'bmj', 'analysis', 'serve', 'jumping', 'point', 'increased', 'awareness', 'action', 'throughout', 'process', 'essential', 'advocating', 'change', 'acknowledge', 'economic', 'disparity', 'food', 'recommendation', 'provided', 'analysis', 'give', 'glimpse', 'world', 'access', 'whole', 'nutrient', 'dense', 'food', 'human', 'right', 'definitely', 'worth', 'working', 'toward', 'statement', 'evaluated', 'food', 'drug', 'administration', 'product', 'intended', 'diagnose', 'treat', 'cure', 'prevent', 'disease']"
https://www.mindbodygreen.com/articles/5-tips-to-create-an-evening-routine-for-great-sleep,2015-06-01,"['quality', 'sleep', 'enormous', 'impact', 'physically', 'psychologically', 'partly', 'affected', 'bedtime', 'routine', 'people', 'recognize', 'need', 'bedtime', 'routine', 'child', 'forget', 'honor', 'need', 'routine', 'adult', 'yet', 'poor', 'sleep', 'affect', 'affect', 'child', 'feel', 'irritable', 'stressed', 'difficulty', 'concentrating', 'overall', 'result', 'low', 'mood', 'lowered', 'productivity', 'bedtime', 'routine', 'result', 'significant', 'reduction', 'problematic', 'sleep', 'five', 'tip', 'creating', 'mindful', 'sleep', 'routine', 'power', 'priority', 'shut', 'activity', 'stimulate', 'work', 'email', 'internet', 'browsing', 'watching', 'tv', 'general', 'guideline', 'try', 'avoid', 'backlit', 'device', 'night', 'screen', 'stimulating', 'eye', 'brain', 'sending', 'message', 'daytime', 'awake', 'try', 'book', 'taking', 'bath', 'listening', 'music', 'practicing', 'gentle', 'yoga', 'meditation', 'develop', 'ritual', 'work', 'try', 'brain', 'dump', 'running', 'overdrive', 'dump', 'write', 'list', 'simply', 'worry', 'diary', 'technique', 'jot', 'stressing', 'try', 'right', 'bed', 'rather', 'power', 'let', 'go', 'written', 'relax', 'chance', 'forget', 'eat', 'drink', 'move', 'mindfully', 'caffeine', 'bad', 'stimulant', 'mindfully', 'experiencing', 'sleeping', 'problem', 'cutting', 'back', 'caffeine', 'particularly', 'midday', 'idea', 'idea', 'avoid', 'eating', 'particularly', 'heavy', 'meal', 'late', 'evening', 'want', 'go', 'bed', 'satiated', 'overly', 'full', 'meditation', 'supplement', 'affect', 'sleep', 'best', 'educated', 'taking', 'remember', 'exercise', 'best', 'friend', 'come', 'managing', 'overall', 'stress', 'level', 'intense', 'exercise', 'late', 'night', 'recommended', 'experiencing', 'sleeping', 'problem', 'experiment', 'training', 'routine', 'discover', 'work', 'best', 'high', 'intensity', 'training', 'best', 'morning', 'leaving', 'evening', 'yoga', 'create', 'right', 'environment', 'sleep', 'mean', 'ensuring', 'bedroom', 'sufficiently', 'dark', 'enough', 'quiet', 'enough', 'ventilated', 'allow', 'sleep', 'study', 'work', 'best', 'term', 'temperature', 'light', 'noise', 'less', 'obviously', 'might', 'discover', 'stress', 'level', 'increase', 'according', 'mess', 'personal', 'space', 'trick', 'work', 'provide', 'foundation', 'relaxed', 'precondition', 'relaxed', 'monitor', 'sleep', 'keep', 'sleep', 'schedule', 'aim', 'go', 'bed', 'wake', 'time', 'experiencing', 'sleeping', 'difficulty', 'idea', 'keep', 'record', 'exactly', 'bed', 'long', 'wake', 'night', 'information', 'helpful', 'clinician', 'decide', 'visit', 'gp', 'psychologist', 'sleeping', 'statement', 'evaluated', 'food', 'drug', 'administration', 'product', 'intended', 'diagnose', 'treat', 'cure', 'prevent', 'disease']"
https://www.mindbodygreen.com/articles/6-types-of-people-who-are-more-likely-to-get-catfished,2025-08-23,"['ever', 'gone', 'experience', 'looking', 'romantic', 'partner', 'dating', 'app', 'encountered', 'profile', 'screamed', 'catfish', 'aka', 'fake', 'profile', 'robot', 'scam', 'research', 'suggests', 'personality', 'others', 'fall', 'catfish', 'catfishing', 'aka', 'online', 'romantic', 'fraud', 'alive', 'day', 'according', 'federal', 'trade', 'commission', 'online', 'romance', 'scam', 'reported', 'fbi', 'tripled', 'business', 'bureau', 'report', 'american', 'reported', 'loss', 'nearly', 'billion', 'due', 'romance', 'scam', 'company', 'screen', 'profile', 'dating', 'company', 'told', 'bbb', 'million', 'profile', 'scan', 'fake', 'review', 'published', 'last', 'clinical', 'practice', 'epidemiology', 'mental', 'health', 'journal', 'researcher', 'culled', 'scientific', 'literature', 'identify', 'common', 'trend', 'people', 'tend', 'fall', 'catfish', 'analyzed', 'relevant', 'study', 'social', 'medium', 'user', 'report', 'victim', 'catfishing', 'least', 'personality', 'fall', 'catfish', 'woman', 'middle', 'aged', 'people', 'fall', 'catfish', 'people', 'gender', 'age', 'personality', 'trait', 'listed', 'common', 'vulnerable', 'getting', 'swept', 'exciting', 'romance', 'easily', 'scammer', 'act', 'empathetically', 'attempt', 'create', 'impression', 'victim', 'perfectly', 'synced', 'shared', 'view', 'life', 'researcher', 'write', 'paper', 'finding', 'declaration', 'scammer', 'become', 'increasingly', 'affectionate', 'declaration', 'love', 'within', 'week', 'initial', 'contact', 'fall', 'category', 'hurt', 'sure', 'budding', 'relationship', 'slowly', 'avoid', 'getting', 'catfished', 'rushing', 'relationship', 'quickly', 'recipe', 'disaster', 'exposing', 'risk', 'becoming', 'emotionally', 'dependent', 'getting', 'attached', 'emotionally', 'unavailable', 'people', 'common', 'relationship', 'trouble', 'book', 'love', 'skill', 'marriage', 'therapist', 'linda', 'carroll', 'lmft', 'recommends', 'people', 'earlier', 'honeymoon', 'stage', 'relationship', 'avoid', 'trusting', 'heart', 'beware', 'fantasy', 'permanent', 'bliss', 'stage', 'wrap', 'writes', 'spectacular', 'spike', 'feel', 'neurochemical', 'overpower', 'common', 'sense', 'step', 'back', 'observe', 'emotion', 'behavior', 'ask', 'whether', 'objectively', 'rational', 'ask', 'trusted', 'friend', 'candid', 'opinion', 'relationship', 'awareness', 'key', 'oh', 'definitely', 'send', 'money', 'person', 'met', 'online', 'met', 'person', 'rule', 'thumb', 'statement', 'evaluated', 'food', 'drug', 'administration', 'product', 'intended', 'diagnose', 'treat', 'cure', 'prevent', 'disease']"
https://www.mindbodygreen.com/articles/supplement-to-keep-inflammation-in-check-after-exercise-know-more-about,2025-12-21,"['inflammation', 'almost', 'presented', 'bad', 'avoid', 'following', 'tough', 'workout', 'example', 'inflammation', 'expected', 'sign', 'muscle', 'reacting', 'stimulus', 'appropriately', 'repair', 'damaged', 'muscle', 'responds', 'acute', 'inflammation', 'absorb', 'damaged', 'cell', 'rid', 'breakdown', 'repair', 'process', 'gradually', 'stronger', 'fitter', 'grow', 'muscle', 'holistic', 'nutritionist', 'athlete', 'melissa', 'boufounos', 'chn', 'previously', 'explained', 'need', 'feel', 'sore', 'workout', 'little', 'tenderness', 'nothing', 'avoid', 'research', 'case', 'workout', 'contribute', 'chronically', 'high', 'level', 'inflammatory', 'marker', 'increase', 'risk', 'injury', 'may', 'prompt', 'catabolism', 'breakdown', 'muscle', 'tissue', 'avoid', 'chronic', 'inflammation', 'following', 'exercise', 'supplement', 'might', 'best', 'combat', 'chronic', 'inflammation', 'maintain', 'healthy', 'inflammatory', 'response', 'give', 'adequate', 'recover', 'exercise', 'mean', 'spacing', 'tougher', 'workout', 'prioritizing', 'high', 'quality', 'sleep', 'rehydrating', 'quickly', 'nutrition', 'make', 'big', 'difference', 'inflammatory', 'diet', 'consists', 'plenty', 'protein', 'gram', 'meal', 'fiber', 'healthy', 'fat', 'low', 'processed', 'food', 'refined', 'sugar', 'trans', 'fat', 'certain', 'supplement', 'shown', 'decrease', 'marker', 'inflammation', 'following', 'exercise', 'including', 'creatine', 'review', 'published', 'journal', 'nutrient', 'evidence', 'creatine', 'supplementation', 'inflammatory', 'catabolic', 'effect', 'creatine', 'play', 'critical', 'role', 'production', 'adenosine', 'triphosphate', 'atp', 'primary', 'energy', 'source', 'body', 'naturally', 'produce', 'creatine', 'supplemental', 'creatine', 'widely', 'available', 'relatively', 'affordable', 'number', 'study', 'examining', 'inflammatory', 'effect', 'creatine', 'supplementation', 'disease', 'exercise', 'state', 'continues', 'grow', 'promising', 'result', 'nutrient', 'review', 'read', 'example', 'randomized', 'controlled', 'trial', 'supplementing', 'creatine', 'half', 'ironman', 'training', 'associated', 'lower', 'inflammatory', 'marker', 'post', 'race', 'extreme', 'endurance', 'athlete', 'could', 'benefit', 'adding', 'creatine', 'recovery', 'routine', 'beyond', 'preventing', 'muscle', 'breakdown', 'catabolism', 'creatine', 'seems', 'increase', 'measure', 'muscle', 'mass', 'performance', 'adult', 'age', 'fitness', 'level', 'combined', 'resistance', 'exercise', 'research', 'adding', 'creatine', 'training', 'routine', 'increase', 'muscular', 'strength', 'little', 'week', 'support', 'greater', 'reduction', 'fat', 'percentage', 'resistance', 'training', 'alone', 'moral', 'story', 'bumping', 'gym', 'creatine', 'may', 'reduce', 'negative', 'wear', 'tear', 'training', 'increase', 'positive', 'effect', 'supplement', 'considered', 'safe', 'fitness', 'community', 'taking', 'gram', 'per', 'seems', 'sweet', 'spot', 'everyday', 'athlete', 'looking', 'performance', 'recovery', 'benefit', 'related', 'best', 'creatine', 'supplement', 'woman', 'eating', 'sleeping', 'enough', 'hydrating', 'essential', 'tough', 'workout', 'looking', 'amp', 'recovery', 'routine', 'consider', 'taking', 'supplemental', 'creatine', 'emerging', 'research', 'muscle', 'supporting', 'supplement', 'tout', 'particular', 'benefit', 'woman', 'learn', 'statement', 'evaluated', 'food', 'drug', 'administration', 'product', 'intended', 'diagnose', 'treat', 'cure', 'prevent', 'disease']"
https://www.mindbodygreen.com/articles/healthy-planet-healthy-you-january-2023,2023-01-12,"['according', 'study', 'auckland', 'zealand', 'airborne', 'microplastics', 'prevalent', 'previously', 'thought', 'would', 'care', 'believe', 'extra', 'perceptive', 'sensor', 'could', 'pick', 'tiny', 'plastic', 'particle', 'small', 'millimeter', 'researcher', 'metric', 'ton', 'microplastics', 'dropping', 'atmosphere', 'onto', 'city', 'annually', 'roughly', 'million', 'plastic', 'bottle', 'smaller', 'size', 'range', 'looked', 'microplastics', 'saw', 'notable', 'smallest', 'size', 'toxicologically', 'relevant', 'lead', 'study', 'author', 'joel', 'rindelaub', 'ph', 'news', 'release', 'scientist', 'investigating', 'toll', 'breathing', 'plastic', 'particle', 'daily', 'might', 'play', 'health', 'research', 'human', 'interaction', 'nature', 'changed', 'last', 'decade', 'question', 'fueled', 'ambitious', 'research', 'project', 'studying', 'close', 'people', 'live', 'nature', 'compared', 'year', 'ago', 'researcher', 'defined', 'natural', 'low', 'human', 'footprint', 'building', 'road', 'etc', 'average', 'person', 'life', 'kilometer', 'mile', 'away', 'natural', 'farther', 'away', 'indeed', 'study', 'reveals', 'destruction', 'natural', 'combined', 'strong', 'increase', 'urban', 'population', 'leading', 'growing', 'spatial', 'distance', 'human', 'nature', 'especially', 'asia', 'africa', 'south', 'america', 'gladys', 'barragan', 'ph', 'co', 'author', 'study', 'news', 'release', 'barragan', 'team', 'might', 'becoming', 'emotionally', 'distanced', 'proportionally', 'less', 'nature', 'imagery', 'novel', 'song', 'child', 'album', 'animated', 'movie', 'day', 'decade', 'ago', 'research', 'researcher', 'university', 'california', 'san', 'diego', 'studying', 'century', 'old', 'survey', 'marine', 'plankton', 'serve', 'capsule', 'ocean', 'health', 'tiny', 'organism', 'sensitive', 'change', 'environment', 'aquatic', 'condition', 'polluted', 'scientist', 'wonder', 'change', 'plankton', 'human', 'health', 'declined', 'alongside', 'marine', 'health', 'parallel', 'plankton', 'decline', 'increasing', 'rate', 'chronic', 'illness', 'human', 'research', 'carbon', 'photosynthesis', 'increasing', 'co', 'level', 'atmosphere', 'plant', 'grow', 'faster', 'productive', 'sound', 'crop', 'food', 'system', 'right', 'exactly', 'scientist', 'study', 'michigan', 'state', 'university', 'carbon', 'dioxide', 'increase', 'photosynthesis', 'expense', 'essential', 'metabolic', 'process', 'plant', 'plant', 'co', 'give', 'food', 'grow', 'bigger', 'bigger', 'plant', 'lower', 'protein', 'content', 'actually', 'less', 'nutritious', 'berkley', 'walker', 'ph', 'research', 'team', 'authored', 'report', 'news', 'release', 'research', 'climate', 'change', 'bring', 'wide', 'range', 'heavy', 'emotion', 'sit', 'talking', 'issue', 'others', 'healthy', 'vent', 'concern', 'support', 'come', 'solution', 'together', 'looking', 'build', 'climate', 'community', 'start', 'eco', 'book', 'club', 'personal', 'experience', 'hey', 'club', 'sharing', 'climate', 'fear', 'anxiety', 'people', 'extremely', 'cathartic', 'book', 'club', 'wonderful', 'space', 'share', 'knowledge', 'resource', 'discus', 'inspired', 'action', 'need', 'huge', 'undertaking', 'gathering', 'friend', 'discus', 'climate', 'focused', 'book', 'month', 'lead', 'insight', 'ready', 'started', 'title', 'ready', 'statement', 'evaluated', 'food', 'drug', 'administration', 'product', 'intended', 'diagnose', 'treat', 'cure', 'prevent', 'disease']"
https://www.mindbodygreen.com/articles/easy-foods-to-grow-yourself-that-pack-in-nutrients,2021-06-30,"['secret', 'home', 'garden', 'exploded', 'popularity', 'late', 'whether', 'opt', 'mood', 'lifting', 'flower', 'partial', 'edible', 'plant', 'plot', 'come', 'latter', 'family', 'physician', 'science', 'journalist', 'daphne', 'miller', 'welcome', 'move', 'toward', 'homegrown', 'harvest', 'seeing', 'expansion', 'terrace', 'front', 'yard', 'backyard', 'side', 'yard', 'sidewalk', 'farming', 'movement', 'episode', 'podcast', 'indoor', 'windowsill', 'garden', 'amazing', 'source', 'nutrient', 'beautification', 'neighborhood', 'going', 'start', 'edible', 'home', 'garden', 'may', 'wonder', 'healthy', 'plant', 'beginner', 'friendly', 'miller', 'list', 'underrated', 'superstar', 'surprisingly', 'easy', 'nurture', 'consider', 'low', 'maintenance', 'crop', 'pack', 'quite', 'nutritious', 'punch', 'surprise', 'miller', 'fan', 'humble', 'herb', 'garden', 'oregano', 'thyme', 'rosemary', 'allium', 'give', 'nutrition', 'bang', 'buck', 'let', 'dip', 'research', 'study', 'shown', 'flavonoid', 'phenolic', 'acid', 'oregano', 'manage', 'inflammation', 'oxidative', 'stress', 'thyme', 'documented', 'immune', 'supporting', 'power', 'rosemary', 'tout', 'antioxidant', 'neuroprotective', 'property', 'finally', 'allium', 'think', 'garlic', 'scallion', 'shallot', 'leek', 'chive', 'chock', 'full', 'antioxidant', 'property', 'expert', 'recommend', 'eating', 'clove', 'garlic', 'tolerate', 'taste', 'term', 'ease', 'herb', 'notoriously', 'low', 'maintenance', 'herb', 'tend', 'recede', 'miller', 'tend', 'perennial', 'meaning', 'live', 'growing', 'season', 'prep', 'herb', 'garden', 'mexican', 'squash', 'rich', 'antioxidant', 'fiber', 'phytonutrients', 'namely', 'quercetin', 'myricetin', 'powerful', 'flavonoid', 'study', 'dried', 'chayote', 'antioxidant', 'inflammatory', 'effect', 'older', 'adult', 'metabolic', 'syndrome', 'gourd', 'flavor', 'akin', 'cucumber', 'jicama', 'enjoy', 'cooked', 'raw', 'simply', 'snap', 'right', 'vine', 'miller', 'tout', 'ease', 'kale', 'tree', 'without', 'yard', 'worry', 'tree', 'grow', 'foot', 'tall', 'pretty', 'resilient', 'everything', 'ton', 'water', 'minimum', 'water', 'miller', 'continues', 'perennial', 'tree', 'produce', 'delicious', 'buttery', 'sweet', 'kale', 'leaf', 'case', 'need', 'refresher', 'health', 'benefit', 'kale', 'cruciferous', 'veggie', 'high', 'vitamin', 'antioxidant', 'fiber', 'dubbed', 'nutritional', 'powerhouse', 'worthy', 'plant', 'home', 'garden', 'course', 'remiss', 'mention', 'cactus', 'water', 'miller', 'perfect', 'forgetful', 'plant', 'parent', 'among', 'nopales', 'refer', 'pad', 'cactus', 'according', 'miller', 'low', 'glycemic', 'player', 'ton', 'antioxidant', 'capability', 'study', 'nopal', 'cactus', 'may', 'neuroprotective', 'property', 'cut', 'pad', 'actually', 'eat', 'raw', 'miller', 'note', 'prepare', 'raw', 'salad', 'delicious', 'lime', 'lemon', 'sound', 'delightfully', 'thirst', 'quenching', 'vegetable', 'within', 'local', 'soil', 'give', 'right', 'back', 'term', 'nutrition', 'miller', 'word', 'grow', 'yet', 'pack', 'health', 'benefit', 'seems', 'sound', 'investment', 'enjoy', 'episode', 'sponsored', 'cotton', 'forget', 'subscribe', 'podcast', 'itunes', 'google', 'podcasts', 'spotify', 'statement', 'evaluated', 'food', 'drug', 'administration', 'product', 'intended', 'diagnose', 'treat', 'cure', 'prevent', 'disease']"
https://www.mindbodygreen.com/partner/bare-republic,,"['safe', 'adventure', 'proof', 'sunscreen', 'favorite', 'people', 'enjoy', 'outdoors', 'zero', 'worry', 'healthy', 'formula', 'thoughtfully', 'designed', 'protect', 'people', 'love', 'environment', 'gobareoutside', 'statement', 'evaluated', 'food', 'drug', 'administration', 'product', 'intended', 'diagnose', 'treat', 'cure', 'prevent', 'disease']"
